<ImportExportXml version="9.2.23071.146" SolutionPackageVersion="9.2" languagecode="1033" generatedBy="CrmLive" xmlns:xsi="http://www.w3.org/2001/XMLSchema-instance">
  <SolutionManifest>
    <UniqueName>Training_sharing_apps_tabls</UniqueName>
    <LocalizedNames>
      <LocalizedName description="Training_sharing_apps_tabls" languagecode="1033" />
    </LocalizedNames>
    <Descriptions />
    <Version>1.0.0.1</Version>
    <Managed>0</Managed>
    <Publisher>
      <UniqueName>DefaultPublisherorg222b66de</UniqueName>
      <LocalizedNames>
        <LocalizedName description="Default Publisher for org222b66de" languagecode="1033" />
      </LocalizedNames>
      <Descriptions>
        <Description description="Default publisher for this organization" languagecode="1033" />
      </Descriptions>
      <EMailAddress xsi:nil="true"></EMailAddress>
      <SupportingWebsiteUrl xsi:nil="true"></SupportingWebsiteUrl>
      <CustomizationPrefix>new</CustomizationPrefix>
      <CustomizationOptionValuePrefix>10000</CustomizationOptionValuePrefix>
      <Addresses>
        <Address>
          <AddressNumber>1</AddressNumber>
          <AddressTypeCode xsi:nil="true"></AddressTypeCode>
          <City xsi:nil="true"></City>
          <County xsi:nil="true"></County>
          <Country xsi:nil="true"></Country>
          <Fax xsi:nil="true"></Fax>
          <FreightTermsCode xsi:nil="true"></FreightTermsCode>
          <ImportSequenceNumber xsi:nil="true"></ImportSequenceNumber>
          <Latitude xsi:nil="true"></Latitude>
          <Line1 xsi:nil="true"></Line1>
          <Line2 xsi:nil="true"></Line2>
          <Line3 xsi:nil="true"></Line3>
          <Longitude xsi:nil="true"></Longitude>
          <Name xsi:nil="true"></Name>
          <PostalCode xsi:nil="true"></PostalCode>
          <PostOfficeBox xsi:nil="true"></PostOfficeBox>
          <PrimaryContactName xsi:nil="true"></PrimaryContactName>
          <ShippingMethodCode xsi:nil="true"></ShippingMethodCode>
          <StateOrProvince xsi:nil="true"></StateOrProvince>
          <Telephone1 xsi:nil="true"></Telephone1>
          <Telephone2 xsi:nil="true"></Telephone2>
          <Telephone3 xsi:nil="true"></Telephone3>
          <TimeZoneRuleVersionNumber xsi:nil="true"></TimeZoneRuleVersionNumber>
          <UPSZone xsi:nil="true"></UPSZone>
          <UTCOffset xsi:nil="true"></UTCOffset>
          <UTCConversionTimeZoneCode xsi:nil="true"></UTCConversionTimeZoneCode>
        </Address>
        <Address>
          <AddressNumber>2</AddressNumber>
          <AddressTypeCode xsi:nil="true"></AddressTypeCode>
          <City xsi:nil="true"></City>
          <County xsi:nil="true"></County>
          <Country xsi:nil="true"></Country>
          <Fax xsi:nil="true"></Fax>
          <FreightTermsCode xsi:nil="true"></FreightTermsCode>
          <ImportSequenceNumber xsi:nil="true"></ImportSequenceNumber>
          <Latitude xsi:nil="true"></Latitude>
          <Line1 xsi:nil="true"></Line1>
          <Line2 xsi:nil="true"></Line2>
          <Line3 xsi:nil="true"></Line3>
          <Longitude xsi:nil="true"></Longitude>
          <Name xsi:nil="true"></Name>
          <PostalCode xsi:nil="true"></PostalCode>
          <PostOfficeBox xsi:nil="true"></PostOfficeBox>
          <PrimaryContactName xsi:nil="true"></PrimaryContactName>
          <ShippingMethodCode xsi:nil="true"></ShippingMethodCode>
          <StateOrProvince xsi:nil="true"></StateOrProvince>
          <Telephone1 xsi:nil="true"></Telephone1>
          <Telephone2 xsi:nil="true"></Telephone2>
          <Telephone3 xsi:nil="true"></Telephone3>
          <TimeZoneRuleVersionNumber xsi:nil="true"></TimeZoneRuleVersionNumber>
          <UPSZone xsi:nil="true"></UPSZone>
          <UTCOffset xsi:nil="true"></UTCOffset>
          <UTCConversionTimeZoneCode xsi:nil="true"></UTCConversionTimeZoneCode>
        </Address>
      </Addresses>
    </Publisher>
    <RootComponents>
      <RootComponent type="1" schemaName="account" behavior="0" />
      <RootComponent type="1" schemaName="cr1a4_project" behavior="0" />
      <RootComponent type="1" schemaName="cr1a4_projecttask" behavior="0" />
      <RootComponent type="1" schemaName="systemuser" behavior="0" />
      <RootComponent type="60" id="{988e30b5-0823-ee11-9cbc-6045bdaaaa84}" />
      <RootComponent type="300" schemaName="new_powerappstrainingdemos_57fa7" behavior="0" />
    </RootComponents>
    <MissingDependencies>
      <MissingDependency>
        <Required type="1" schemaName="adx_invitation" displayName="Invitation" solution="MicrosoftPortalBase (9.3.2301.1)">
          <package>CDSBasePortal (9.3.2304.83)</package>
        </Required>
        <Dependent type="1" schemaName="account" displayName="Account" />
      </MissingDependency>
      <MissingDependency>
        <Required type="1" schemaName="adx_webformsession" displayName="Multistep Form Session" solution="MicrosoftPortalWebForms (9.3.2209.2)">
          <package>CDSBasePortal (9.3.2304.83)</package>
        </Required>
        <Dependent type="1" schemaName="systemuser" displayName="User" />
      </MissingDependency>
      <MissingDependency>
        <Required type="1" schemaName="aib_documentautomationprocessing" displayName="Document Automation Processing" solution="Documentautomationbasekit (202109.1.0303.0)">
          <package>Documentautomationbasekit (202109.1.0303.0)</package>
        </Required>
        <Dependent type="1" schemaName="systemuser" displayName="User" />
      </MissingDependency>
      <MissingDependency>
        <Required type="1" schemaName="appusersetting" displayName="Model-Driven App User Setting" solution="AppModule (9.1.22112.221109001)" />
        <Dependent type="1" schemaName="systemuser" displayName="User" />
      </MissingDependency>
      <MissingDependency>
        <Required type="1" schemaName="bot" displayName="Chatbot" solution="PowerVirtualAgents (2.0.0.502)">
          <package>msdynce_CustomerCareIntelligenceBots_Anchor (2.0.0.502)</package>
        </Required>
        <Dependent type="1" schemaName="systemuser" displayName="User" />
      </MissingDependency>
      <MissingDependency>
        <Required type="1" schemaName="cr1a4_projectpowerapp" displayName="Project-PowerApp" solution="Active" />
        <Dependent type="10" schemaName="cr1a4_Project_cr1a4_ProjectPowerApp_cr1a4" displayName="cr1a4_Project_cr1a4_ProjectPowerApp_cr1a4" parentSchemaName="cr1a4_projectpowerapp" parentDisplayName="Project-PowerApp" />
      </MissingDependency>
      <MissingDependency>
        <Required type="1" schemaName="cr1a4_registration" displayName="Registration" solution="Active" />
        <Dependent type="300" schemaName="new_powerappstrainingdemos_57fa7" displayName="PowerApps Training Demos" />
      </MissingDependency>
      <MissingDependency>
        <Required type="1" schemaName="msfp_survey" displayName="Customer Voice survey" solution="MicrosoftFormsPro (2.0.0.43)">
          <package>MicrosoftFormsPro (2.0.0.43)</package>
        </Required>
        <Dependent type="1" schemaName="systemuser" displayName="User" />
      </MissingDependency>
      <MissingDependency>
        <Required type="1" schemaName="usermobileofflineprofilemembership" displayName="UserMobileOfflineProfileMembership" solution="MobileOfflineMembership (1.0.0.3)" />
        <Dependent type="1" schemaName="systemuser" displayName="User" />
      </MissingDependency>
      <MissingDependency>
        <Required type="2" schemaName="msa_managingpartnerid" displayName="Managing Partner" parentSchemaName="account" parentDisplayName="Account" solution="MicrosoftPortalDependencies (9.3.2301.1)">
          <package>CDSBasePortal (9.3.2304.83)</package>
        </Required>
        <Dependent type="10" schemaName="msa_account_managingpartner" displayName="msa_account_managingpartner" parentSchemaName="account" parentDisplayName="Account" />
      </MissingDependency>
      <MissingDependency>
        <Required type="2" schemaName="cr1a4_name" displayName="Project Name" parentSchemaName="cr1a4_projectpowerapp" parentDisplayName="Project-PowerApp" solution="Active" />
        <Dependent type="10" schemaName="cr1a4_Project_cr1a4_ProjectPowerApp_cr1a4" displayName="cr1a4_Project_cr1a4_ProjectPowerApp_cr1a4" parentSchemaName="cr1a4_projectpowerapp" parentDisplayName="Project-PowerApp" />
      </MissingDependency>
      <MissingDependency>
        <Required type="2" schemaName="cr1a4_projectpowerappid" displayName="Project-PowerApp" parentSchemaName="cr1a4_projectpowerapp" parentDisplayName="Project-PowerApp" solution="Active" />
        <Dependent type="10" schemaName="cr1a4_Project_cr1a4_ProjectPowerApp_cr1a4" displayName="cr1a4_Project_cr1a4_ProjectPowerApp_cr1a4" parentSchemaName="cr1a4_projectpowerapp" parentDisplayName="Project-PowerApp" />
      </MissingDependency>
      <MissingDependency>
        <Required type="26" schemaName="All Accounts" displayName="All Accounts" parentSchemaName="account" parentDisplayName="Account" solution="msdynce_AppCommon (9.0.4.0066)" id="{65ffaf9a-e8c5-432d-860b-32f841b00d87}">
          <package>msdynce_AppCommonAnchor (9.0.23064.10002)</package>
        </Required>
        <Dependent type="60" displayName="Test" parentDisplayName="Account" id="{988e30b5-0823-ee11-9cbc-6045bdaaaa84}" />
      </MissingDependency>
      <MissingDependency>
        <Required type="29" displayName="PowerApps_OnSubmit_Uplaod_Documnts " solution="Active" id="{7b7af450-3e22-ee11-9cbc-6045bdaaaa84}" />
        <Dependent type="300" schemaName="new_powerappstrainingdemos_57fa7" displayName="PowerApps Training Demos" />
      </MissingDependency>
      <MissingDependency>
        <Required type="29" displayName="AddanitemtoSharePointandsendanemail" solution="Active" id="{e0146d61-8625-ee11-9965-6045bdaaaa84}" />
        <Dependent type="300" schemaName="new_powerappstrainingdemos_57fa7" displayName="PowerApps Training Demos" />
      </MissingDependency>
      <MissingDependency>
        <Required type="9" schemaName="cr1a4_prioritychoices" displayName="Priority Choices" solution="Active" />
        <Dependent type="2" schemaName="cr1a4_priority" displayName="Priority" parentSchemaName="cr1a4_projecttask" parentDisplayName="Project Task" />
      </MissingDependency>
      <MissingDependency>
        <Required type="9" schemaName="cr1a4_taskstatuschoices" displayName="Task Status Choices" solution="Active" />
        <Dependent type="2" schemaName="cr1a4_taskstatus" displayName="Task Status" parentSchemaName="cr1a4_projecttask" parentDisplayName="Project Task" />
      </MissingDependency>
    </MissingDependencies>
  </SolutionManifest>
</ImportExportXml>